assemblyId	taxNameSpecies	editDist	n	p
GCF_002949475.1	Shigella_boydii	1	4	1
GCF_002950335.1	Shigella_flexneri	0	3	0.5
GCF_002950335.1	Shigella_flexneri	1	2	0.3333333333333333
GCF_002950335.1	Shigella_flexneri	2	1	0.16666666666666666
GCF_002950295.1	Shigella_dysenteriae	1	3	1
